Name;Ticker;Id;ISIN
2020 Bulkers;2020;12720;BMG9156K1018
24Seven Technology Group;TFSO;8380;NO0010279474
5th Planet Games;FIVEPG;12440;DK0060945467
ABG Sundal Collier Holding;ASC;2017;NO0003021909
ABG Sundal Collier Oil Derivative Long;OILEADLONG;8548;NO0010489511
ABG Sundal Collier Oil Derivative Short;OILEADSHORT;8548;NO0010489529
Ability Drilling;ADRL;8408;NO0010333024
Actinor Shipping;ACS;2407;NO0003028607
Active 24;ACTIVE;7811;NO0010033590
Adelsten Holding A;ADE;2202;NO0003031809
Adelsten Holding B;ADEB;2202;NO0003031817
Adevinta;ADE;12701;NO0010844038
Adevinta ser. A;ADEA;12701;NO0010843998
Adresseavisen;AAV;2203;NO0003502809
Aega;AEGA;11273;NO0010626559
AF Gruppen;AFG;6051;NO0003078107
AF Gruppen B;AFGB;6051;NO0003078115
African Petroleum Corporation;APCL;12300;AU000000AOQ0
Agasti Holding;AGA;6806;NO0003108102
AGR Group;AGR;8128;NO0010277171
Agresso Group;AGR;5025;NO0003052508
Akastor;AKA;7765;NO0010215684
Aker;AKER;6047;NO0010234552
Aker BioMarine;AKBM;6101;NO0003084006
Aker BP;AKERBP;8376;NO0010345853
Aker Drilling;AKD;8006;NO0010287006
Aker F;AKEF;1939;NO0003514036
Aker Floating Production;AKFP;8130;NO0010308836
Aker Maritime;AMA;5192;NO0003062507
Aker NB;AKEN;1939;NO0003514093
Aker Philadelphia Shipyard;AKPS;8462;NO0010395577
Aker RGI A;AKE;1939;NO0003514002
Aker RGI B;AKEB;1939;NO0003514010
Aker Solutions;AKSO;12353;NO0010716582
Aktiv Kapital;AIK;6083;NO0003075004
AKVA Group;AKVA;8194;NO0003097503
Alcatel STK;STK;1166;NO0005487207
Algeta;ALGETA;8252;NO0010239437
Allianse;ALL;7929;NO0005292805
Altinex;ALX;5116;NO0003056806
Alvern;ALV;5055;NO0003050304
Ambra;AMB;1752;NO0003322901
American Shipping Company;AMSC;7954;NO0010272065
Amersham;AHM;6068;GB0002747532
Andvord Tybring-Gjedde;ATG;2237;NO0005724401
APL;APL;7916;NO0010255862
APL;APLC;8249;CY0100170915
Apptix;APP;7072;NO0010123060
A-pressen;APR;2514;NO0005014001
Aqua Bio Technology;ABT;8465;NO0010307135
Aqualis;AQUA;12348;NO0010715394
Arcade Drilling;ARD;2410;NO0003015109
Arcade Shipping;ARC;2409;NO0003068801
Archer;ARCHER;11216;BMG0451H1097
Archer;ARCHER;11216;BMG0451H1170
Arcus;ARCUS;12523;NO0010776875
Arendals Fossekompani;AFK;1007;NO0003572802
ARK;ARK;2371;NO0003044505
Arrow Seismic;ARROW;8342;NO0010301161
Asetek;ASETEK;11324;DK0060477263
Asia Offshore Drilling;AOD;11249;BMG0539N1020
Atea;ATEA;2305;NO0004822503
Atlantic Container Line;ACL;2211;SE0000245409
Atlantic Petroleum;ATLA NOK;11657;FO000A0DN9X4
Atlantic Sapphire;ASA;12625;NO0010768500
Atlantica;ATL;2215;NO0003079808
Aurora LPG Holding;AURLPG;12350;NO0010701279
Aurskog Sparebank;AURG;6131;NO0006001601
Austevoll Seafood;AUSS;8163;NO0010073489
Autronica;AUA;2217;NO0003602203
Avance Gas Holding;AVANCE;12290;BMG067231032
Avantor;AVA;2497;NO0003049702
Avantor;AVT;1970;NO0005670505
Avenir;AVE;2385;NO0005598706
Avocet Mining;AVM;11178;GB0000663038
Avocet Mining;AVM;11178;GB00BZBVR613
Awilco Drilling;AWDR;11244;GB00B5LJSC86
Awilco LNG;ALNG;11268;NO0010607971
Awilco ser. A;AWS;2218;NO0003083107
Awilco ser. B;AWSB;2218;NO0003083115
Axactor;AXA;6084;NO0010840515
Axactor;AXA;6084;SE0011309319
Axactor;AXA;6084;SE0005569100
Axis Biochemicals;AXI;2219;NO0003045403
Axis-Shield;ASD;6164;GB0008039975
Axis-Shield t.rettsaksjer;ASDL;6164;NO0010015191
Axxessit;AXX;7777;NO0010040355
Axxis Geo Solutions;AGS;12534;NO0010778095
B+H Ocean Carriers;BHOC;7983;LR000A0D81P7
B2Holding;B2H;12485;NO0010633951
Bachke & Co;BAC;2220;NO0003023707
Badger Explorer;BXPL;8360;NO0010283211
Bakkafrost;BAKKA;8620;FO0000000179
Belships;BEL;2221;NO0003094104
Benor Tankers;BET;2222;BMG0992J1018
Bergehus;BERGEH;2223;NO0003096307
Bergen Group;BERGEN;8495;NO0010379779
Bergen Nordh. Rutel.;BNRN;2224;NO0003099699
Bergen Nordhordland Rutelag;BNR;2224;NO0003099608
BerGenBio;BGBIO;12550;NO0010650013
Bergensbanken;BBA;1848;NO0003002503
Bergesen d.y ser. A;BEA;2225;NO0003102105
Bergesen d.y ser. B;BEB;2225;NO0003102113
Bilsped. Transp. & Logistics;BIL;2228;NO0003659914
Bionor Pharma;BIONOR;6339;NO0003106700
Biotec Pharmacon;BIOTEC;7963;NO0010014632
Birdstep Technology;BIRD;7150;NO0003095309
Bjølvefossen;BJF;2205;NO0003666604
Bjørge;BJORGE;7824;NO0003101404
Blom;BLO;2230;NO0003679102
BNR Fjord Line;BNRFJORD;2224;NO0010176274
Bolig- og Næringsbanken;BNB;1946;NO0005139402
Bona Shipholding;BSH;2231;BMG1224A1080
Bonheur;BON;2208;NO0003110603
Borgestad;BOR;2209;NO0003111700
Borgestad Industries;BIND;8524;NO0010439813
Borgestad ser. B;BORB;2209;NO0003111718
Borr Drilling;BDRILL;12565;BMG1466R1088
Borr Drilling;BDRILL;12565;BMG1466R2078
Borregaard;BRG;11306;NO0010657505
Bouvet;BOUVET;8307;NO0010360266
Bridge Energy;BRIDGE;8631;NO0010566235
Brøvig Supply;BSS;6056;NO0003090300
Braathens;BRA;2233;NO0003044703
Burmeister & Wain Holding B;BWHB;None;NO0003772105
BW Energy Limited;BWE;12748;BMG0702P1086
BW Gas;GAS;2225;NO0003102105
BW Gas Limited;BWGAS;8506;BMG174301025
BW LPG;BWLPG;12241;BMG173841013
BW Offshore Limited;BWO;8108;BMG1190N1002
BW Offshore Limited;BWO;8108;BMG1738J1247
BWG Homes;BWG;8045;NO0010298300
Byggma;BMA;6049;NO0003087603
Bøhler-Gruppen;BOH;2488;NO0003044901
Bøndernes Bank;BBK;2411;NO0003003006
C. Tybring-Gjedde;CTGN;2237;NO0005724492
Camposol Holding;CSOL;8496;CY0110601115
CanArgo Energy Co.;CNR;2527;US35075K1016
CanArgo Energy Corporation;CNR;2527;US1372251082
Captura;CAPTU;8064;NO0010305089
Catch Communications;CATCH;7764;NO0010093933
Cecon;CECON;8316;NO0010355910
Cellcura;CELL;11205;NO0010386253
Cermaq;CEQ;7960;NO0010003882
Choice Hotels Scandinavia;CHS;6017;NO0003072506
Chr. Bank og Kreditkasse;CBA;1103;NO0003025504
Chr. Bank og Kreditkasse;CKR;1103;NO0003025538
Chr. Bank og Kreditkasse;CBK;1103;NO0003003501
Chr. Bank og Kreditkasse F;CBKF;1103;NO0003003535
Chr. Bjelland & Co;CBJ;5017;NO0003053209
Codfarmers;COD;8165;NO0010160484
Color Group;COL;1949;NO0003014706
Component Software Group;CSG;6482;NO0010068513
Computer Advances;CAG;5098;NO0005015602
Comrod Communication;COMROD;8243;NO0010338445
Confirmit;CONF;7995;NO0003117509
Consafe Offshore;CONSA;7969;SE0001389594
Conseptor;CNS;7779;NO0010025513
ContextVision;COV;6006;SE0000371239
ContextVision;COV;6006;SE0014731154
Copeinca;COP;8238;NO0010352412
COSL Drilling Europe AS;AWO;7922;NO0010255722
Crayon Group Holding;CRAYON;12400;NO0010808892
Crew Gold Corp. New Shares;CRU R;6250;CA2265343038
Crew Gold Corp. New Shares;CRU R;6250;CA2265346007
Crew Gold Corporation;CRU;6250;CA2265347096
Crew Gold Corporation New Shares;CRU R;6250;CA2265342048
CRI-Gruppen;CRI;6119;NO0003087207
Crudecorp;CRUDE;11293;NO0010368475
Crystal Production;CRP;5003;NO0003015901
Customax;CMX;6384;NO0003111809
Cxense;CXENSE;12305;NO0010671068
Dale;DAL;2240;NO0003879405
Dannemora Mineral;DMABB;11179;SE0001879818
Data Respons;DAT;6085;NO0003064107
David Livsforsikringsselskap;DAV;2242;NO0003033706
Deep Sea Supply;DESS;7964;NO0010226905
Deep Sea Supply;DESSC;8227;CY0100120910
DeepOcean;DEEP;7996;NO0010279821
Den Norske Amerikalinje;NAL;1077;NO0003135907
Den Norske Amerikalinje K;NALK92;None;NO0003135972
Den Norske Amerikalinje K;NALK90;1077;NO0003135972
Den Norske Amerikalinje K;NALK93;1077;NO0003135972
Den norske Bank;DNG;1772;NO0003002008
Den norske Bank F;DNBF;1772;NO0003002024
Den norske Bank F;DNGF;1772;NO0003002024
Den Norske Creditbank;DNC;1677;NO0003004004
Det Nordenfj. Dampskibsselskab;NDS;1080;NO0003140303
Det norske oljeselskap;DETNOR OLD;8187;NO0010295603
Det Stavangerske Dampskibss.;DSD;2245;NO0003142507
Det Stavangerske Dampskibss. N;DSDN;2245;NO0003142580
Det Søndenfj.-Norske Dampskibss. B;SFJB;2246;NO0003143612
Discoverer;DSC;6024;NO0003072704
Discovery Offshore;DISC;11240;LU0586887977
District Offshore;DOF;6087;NO0003082901
DNB;DNB;1772;NO0010031479
DNB OBX;OBXEDNB;7834;NO0010257801
DNB OBX Derivat Bear;OBXEDDBEAR;7834;NO0010441512
DNB OBX Derivat BULL;OBXEDDBULL;7834;NO0010441520
DNO;DNO;1015;NO0003921009
DNO B;DNOB;1015;NO0003921017
Dockwise;DOCK;8398;BMG2786A1062
DOF;DOF;6489;NO0010070063
DOF Subsea;DOFSUB;7984;NO0010274608
Dolphin Group;DOLP;8062;NO0010170921
Domstein;DOM;6803;NO0003072407
DSND Subsea;SFJ;2246;NO0003143604
Dual Invest A;DUA;2307;NO0003285009
Dual Invest B;DUAB;2307;NO0003285017
Dyno;DYN;1108;NO0003983702
E.C. Dahls Eiendom;EDE;2248;NO0003876906
E.C.Dahls Bryggeri;DAHLS;2249;NO0003876807
EAM Solar;EAM;11296;NO0010607781
Eastern Drilling;EDRILL;7945;NO0010265168
Eastern Echo Holding;ECHO;8413;CY0100281217
EDB - Elekt. Databeh.;EDB;6036;NO0003076101
EEG-Henriksen Gruppen;EEG;2250;NO0003989006
Eidesvik Offshore;EIOF;7942;NO0010263023
Eiend. Aker Brygge I;EAB;1600;NO0003509002
Eiendomsutvikling;EIU;2251;NO0003999609
Eiker Sparebank N;EIRN;1636;NO0006222090
Eitzen Chemical;ECHEM;8196;NO0010327620
Ekornes;EKO;2520;NO0003035305
Electromagnetic Geoservices;EMGS;8264;NO0010358484
Elektrisk Bureau;ELB;1016;NO0004020801
Element;ELE;8201;NO0003055808
Elkem;ELK;1109;NO0004031303
Elkem;ELK;12616;NO0010816093
Elkem F;ELKF;1109;NO0004031337
Elkjøp;EKJ;2253;NO0003042202
Elkjøp Norge N;EKJN;2253;NO0003042236
Eltek;ELT;6136;NO0003109407
EMAS Offshore;EMAS;8390;SG1AD2000008
EMS Seven Seas;EMS;6072;NO0003075905
Enitel;ENI;6168;NO0003098402
Enitel N;ENIN;6168;NO0010097694
Entra;ENTRA;12366;NO0010716418
Enwa;EWA;6783;NO0010097041
Eqology;EQO;11204;NO0010585144
Equinor;EQNR;1309;NO0010096985
Etman International;ETMA;8378;NO0010130743
Europris;EPR;12441;NO0010735343
Evercom Network;EVE;6090;NO0003081101
EVRY;EVRY;6176;NO0010019649
EVRY;EVRY;12559;NO0010019649
Exense;EXE;6477;NO0003116709
Exense Consulting;EXECON;8469;NO0010404510
Expert;EXPERT;6324;NO0003089104
Exploration Resources;EXRE;7835;NO0010256142
Fairstar Heavy Transport;FAIR;7981;NL0000026292
Faktor Eiendom;FAKTOR;8211;NO0010340391
Fara;FARA;8016;NO0010296007
Farstad Shipping;FAR;2255;NO0003215303
Fast Search & Transfer;FAST;6801;NO0003109605
Fesil;FSL;5007;NO0003046906
Fiba B;FIBB;2017;NO0003021917
Finansbanken;FIN;1821;NO0003005001
Finansbanken Konv.;FINK;1821;NO0010000482
Findexa;FIND;7773;GB00B00ZK046
First Olsen Tankers;FOT;2256;BMG3477K1062
Fjord Seafood;FJO;6481;NO0003102600
Fjord1;FJORD;12556;NO0010792625
Fjordkraft Holding;FKRAFT;12598;NO0010815673
FLEX LNG;FLNG;8594;BMG359471031
FLEX LNG;FLNG;8594;BMG359472021
FLEX LNG;FLNG;8594;VGG359451074
Floatel International;FLOAT;11215;BMG3597X1039
Fokus Bank;FOB;1790;NO0003007502
Fokus Bank;FOK;1790;NO0003025603
Fokus Bank F;FOBF;1790;NO0003007536
Forenede-Gruppen;FGR;1745;NO0003035552
Forenede-Gruppen N;FGRN;1745;NO0003035586
Fornebu Utvikling;FBU;8412;NO0010354269
Forretningsbanken;FBK;1124;NO0003008005
Forsikringsselskapet Norge;NGE;2258;NO0003042806
Fosen;FOS;2259;NO0003168908
Fred. Olsen Energy;FOE;6063;NO0003089005
Fred. Olsen Production;FOP;8317;NO0010354020
Freia Marabou A;FRA;1022;NO0004180407
Freia Marabou B;FRB;1022;NO0004180415
Frigstad Discoverer Invest;FRID;8275;VGG3724W1014
Frontier Drilling;FDR;6760;NO0010067713
Frontline;FRO;6039;BMG368191034
Frontline;FRO;6117;BMG3682E1277
Frontline;FRO;6117;BMG3682E1012
Frontline;FRO;6117;BMG3682E1921
Frysja Elektro;FRY;2262;NO0005394908
Funcom;FUNCOM;7997;NL0000062461
Funcom;FUNCOM;7997;NO0010887029
Funcom;FUNCOM;7997;NL0012756266
G. Block Watne;GBW;2263;NO0005874008
Gambit;GAM;1742;NO0004202805
Gaming Innovation Group;GIG;7829;US36467X2062
Gaming Innovation Group;GIG;7829;US4593781051
Ganger Rolf;GRO;2207;NO0003172207
GC Rieber Shipping;RISH;7837;NO0010262686
Geophysical Comp. of Norway;GEC;1270;NO0004222209
Gjensidige Forsikring;GJF;11217;NO0010582521
Gjensidige NOR;GNO;7171;NO0010149354
Gjensidige NOR Sparebank;SNOG;1827;NO0006390103
Global IP Solutions;GIPS;8511;SE0000598559
Golar LNG;GOL;6802;BMG9456A1009
Golar LNG Energy;GOLE;8586;BMG945651013
Golden Ocean Group;GOGL;12424;BMG396371061
Golden Ocean Group;GOGL;7823;BMG4032A1045
Golden Ocean Group;GOGL;12424;BMG396372051
Golden Ocean Group REG S;GOGL R;12424;BMG396371301
Goodtech;GOD;2312;NO0004913609
GPI;GPI;1492;NO0004200502
Grand Hotel;GHO;2206;NO0004253204
Grand Hotel F;GHOF;2206;NO0004253238
Grégoire;GREG;8405;NO0010375298
Grenland Group;GGG;7982;NO0010285661
Gresvig;GRE;2267;NO0003046401
Gresvig new shares;GREN;2267;NO0010197965
Grieg Seafood;GSF;8362;NO0010365521
Guinor Gold Corporation;GNR;7769;CA4020361073
Gyldendal;GYL;2269;NO0004288200
H.C.A. Melbye;MEL;2270;NO0004817602
Hafnia Limited;HAFNIA;12741;BMG4233B1090
Hafslund Nycomed F;HNAF;1937;NO0004306432
Hafslund ser. A;HNA;1937;NO0004306408
Hafslund ser. B;HNB;1937;NO0004306416
Hands;HND;6480;NO0010065154
Hansa Bryggeri;HAN;2271;NO0004341405
Havfisk;HFISK;7924;NO0010269129
Havila Ariel;HAVA;8514;NO0010402720
Havila Shipping;HAVI;7928;NO0010257728
Havila Supply;HSU;6127;NO0003107104
Havtor;HAV;1795;NO0003200800
Havtor B;HAVB;1795;NO0003200818
Havyard Group;HYARD;12289;NO0010708605
Helgeland Sparebank;HELG;6053;NO0010029804
Helicopter Services Gr.;HES;2273;NO0004378902
Helly-Hansen;HELLY;2274;NO0004380304
Hexagon Composites;HEX;5203;NO0003067902
Hitec;HIT;2276;NO0003047409
Hjellegjerde;HJE;6064;NO0003086902
Hofseth BioCare;HBC;11280;NO0010598683
Hol Sparebank;HOLG;6130;NO0006001700
Home Invest;HOM;6487;NO0010070014
Hugo Games;HUGO;12440;DK0060637999
Hunsfos;HUN;2277;NO0004449208
Hurtigruten;HRG;8067;NO0003325102
Hydralift;HYD;5151;NO0003031908
Hydralift B;HYDB;5151;NO0003031916
Höegh LNG Holdings;HLNG;11251;BMG454221059
Høland og Setskog Sparebank;HSPG;6171;NO0010012636
HÅG;HAG;2278;NO0004474503
I.M. Skaugen;IMSK;6002;NO0003072803
I.M. Skaugen97;IMS;2279;NO0003182305
IBAS Holding;IBAS;7788;NO0010225238
IBY Eiendom;IBY;5012;NO0003053100
Ice Group;ICE;12680;NO0010734742
IDEX;IDEX;8606;NO0003070609
IGE Nordic;IGENOR;8436;SE0002214528
Ignis;IGNIS;6082;NO0003087504
iGroup;IGR;6368;NO0003089807
Imarex;IMAREX;7917;NO0010122898
IMAREX NOS New Shares;IMAREX N;7917;NO0010331887
Indre Sogn Sparebank;ISSG;5202;NO0006000603
Indre Sogn Sparebank Nye;ISSN;5202;NO0006000686
Industrifinans Boligeiendom;IFB;6152;NO0003065401
Industrifinans Forvaltning;IND;6166;NO0010012859
Industrifinans Næringseiendom;IFN;6105;NO0003095002
InFocus Corporation;IFC;6397;US45665B1061
Infostream;INF;6167;NO0003077505
Infratek;INFRA;8446;NO0010395973
Infront;INFRNT;12561;NO0010789506
Inmeta Crayon;INM;6186;NO0010026230
Insr Insurance Group;INSR;12272;NO0010593544
Intelecom Group;ITC;6794;NO0003107609
Intellinet;INN;6479;NO0010036957
International Farvefabrik;IFA;2284;NO0004498205
InterOil Exploration and Production;IOX;8135;NO0010284318
Investa;INV;1034;NO0004502402
Investra;INVEST;6296;NO0010028657
InvivoSense;INVIVO;8335;NO0010362320
Iplast;IPL;6054;NO0003061806
Itera;ITE;6153;NO0010001118
Ivar Holding;IVH;5019;NO0003053704
Ivarans Rederi;IVA;2491;NO0003231607
Jason Shipping;JSHIP;7780;NO0010227036
Jinhui Shipping and Transportation;JIN;2446;BMG5137R1088
Jonas Øglænd;JON;2316;NO0005895300
Jæren Sparebank;JAEREN;6483;NO0010359433
Kaldnes;KAN;2287;NO0003338303
Kaldnes Mek. Verksted;KAL;2415;NO0004555608
Kaldnes N;KANN;2287;NO0003338394
Kansas Workwear;KAN;6160;DK0010217967
Kenor;KEN;2288;NO0004578105
Kid;KID;12451;NO0010743545
Kirkland;KIR;2289;NO0005072215
Kitron;KIT;6098;NO0003079709
Kitron gammel;KIT;6008;NO0003072209
Kitron gammel2;KIT;5065;NO0003054744
Kjøbmandsbanken;KBK;2290;NO0003010506
Klaveness Combination Carriers;KCC;12197;NO0010833262
Klippen Invest;KLI;2286;NO0003047805
Komplett;KOM;6500;NO0010032097
Komplett Bank;KOMP;12484;NO0010694029
Kongsberg Automotive;KOA;7941;NO0003033102
Kongsberg Automotive;KOA;2518;NO0003033102
Kongsberg Gruppen;KOG;2331;NO0003043309
Kongsberg TechMatic;KTM;6091;NO0003092504
Kosmos;KOS;2413;NO0003253601
Kosmos Holding;KHO;2414;NO0004865007
Kosmos Holding Shipping;KHS;2416;NO0003253700
Kranor;KRA;2291;NO0004647108
KredittBanken;KBK;5068;NO0003028300
Kristiansand Dyrepark;KDP;2292;NO0003033300
Kverneland;KVE;2293;NO0004677006
Kværner;KVAER;11252;NO0010605371
Kværner;KVI;1284;NO0004684408
Kværner B;KVIB;1284;NO0004684416
Kværner F;KVIF;1284;NO0004684432
Kværner Shipping;KVS;2314;NO0004684606
Laboremus;LAB;2204;NO0003259103
Larvik Scandi Line;LSL;2295;NO0003047508
Larvik-Fredrikshavnferjen;LARVIK;2296;NO0003263501
Legra;LEG;5008;NO0003052300
Leif Höegh & Co;LHO;2298;NO0004456906
Lerøy Seafood Group;LSG;7148;NO0003096208
Lighthouse Caledonia;LHC;8429;NO0010393630
Linde-Group;LIN;6089;NO0003082406
Link Mobility Group;LINK;12232;NO0010219702
Link Mobility Group Holding;LINK;12811;NO0010894231
Linstow;LSW;2337;NO0005131003
Liva Bil;LIV;2299;NO0003041105
Loki;LOI;2300;NO0003088700
London Mining;LOND;8397;GB00B1VZK334
Luxo;LUX;6118;NO0003106007
Magnora;MGN;7820;NO0010187032
Magseis;MSEIS;12301;NO0010663669
Mamut;MAMUT;7770;NO0003105405
Marine Drilling Companies;MAD;5123;NO0003057606
Marine Farms;MAFA;8164;NO0010049059
Marine Harvest;MHG;5063;NO0003054108
Maritime Group;MAG;1770;NO0004799909
MARITIME INDUSTRIAL SERVICES;MIS;8318;PAP644621073
Media Holding;MHO;5113;NO0003056301
MediaBin;MBN;6055;US58446U2024
Medistim;MEDI;7774;NO0010159684
Mefjorden;MEF;6383;NO0010028889
Melhus Sparebank;MELG;6147;NO0006001908
Mercur Tankers;MET;5030;NO0003054306
Micro Software Group;MSG;5006;NO0003050403
Mikkelservice;MIK;2363;NO0003041709
Minard;MIN;5172;NO0003058802
Mindex;MDX;5112;NO0003055808
Moelven Industrier;MOE;2306;NO0004845405
Morpol;MORPOL;11187;NO0010577299
Moss Glasværk A;MGI-A;2414;NO0001111116
Mosvold Shipping Ltd.;MSL;5060;BMG629021046
MPC Container Ships;MPCC;12557;NO0010791353
MultiClient Geophysical;MCG;11326;NO0010657604
Multiconsult;MULTI;12437;NO0010734338
MultiMedia Publishing Nye;MMPN;2382;NO0003398885
MultiSoft;MUS;2447;NO0003050106
Napatech;NAPA;12233;DK0060520450
NattoPharma;NATTO;8447;NO0010289200
NAUR New Shares;NAUR R;8166;LU0741861065
Navamedic;NAVA;8063;NO0010205966
Navia;NAV;2357;NO0003045007
NAVIS;NIS;6092;NO0003092702
NCL Holding;NCL;2399;NO0003318701
NEAS;NEAS;8246;NO0010355621
NEK Kabel B;NEKB;2312;NO0004913617
Nekkar;NKR;2525;NO0003049405
NEL;NEL;7795;NO0010081235
Nemi Forsikring;NEMI;7933;NO0003114902
Nera;NER;2489;NO0003050700
NetCom;NTC;5122;NO0003057507
NetConnect;NETCO;11180;NO0010445901
Nettbuss Sør;NET;2214;NO0003069908
NEXT Biometrics Group;NEXT;12309;NO0010629108
NextGenTel Holding;NEXT;7629;NO0010204498
NextGenTel Holding;NGT;8112;NO0010199052
Nexus Floating Production;NEXUS;8279;SG9999002877
Nidar;NID;2313;NO0004921008
Nobø Fabrikker;NOB;2318;NO0004950403
Nora Eiendom;NOE;2321;NO0004957705
Nora Industrier;NOI;1043;NO0004957903
Nora Industrier B;NOIB;1043;NO0004957911
Nora Industrier F;NOIF;1043;NO0004957937
Noral;NRL;2382;NO0003398802
NORBIT;NORBIT;12714;NO0010856511
Norcem;NORCEM;1111;NO0004959602
Norcool Holding;NCO;6088;NO0003093007
Norda;NORD;7994;NO0010285190
Nordic American Tanker Shipping;NAT;5020;BMG657731060
Nordic Health;NORH;8526;NO0010291222
Nordic Mining;NOM;8123;NO0010317340
Nordic Nanovector;NANO;12412;NO0010597883
Nordic Semiconductor;NOD;5117;NO0003055501
Nordic Water Supply;NOW;5018;NO0005128603
Nordlandsbanken;NBK;1948;NO0003014003
Nordlandsbanken K;NBKK;1948;NO0003014086
Nordlandsbanken N;NBKN;1948;NO0003014037
Nordstrøm & Thulin B;NTH;2323;SE0000109985
Norema A;NMA;1046;NO0004997602
Norex Offshore;NOR;2325;NO0003661209
Norgani Hotels;NORGAN;7979;NO0010272636
Norges Hypotekinstitutt;NHI;1128;NO0003014508
Norgeskreditt P;NOK;1612;NO0003028003
Norman;NOR;5103;NO0003048209
Norman;NORMAN;7792;NO0010225246
Norminol;NOL;2328;NO0005011502
Norse Energy Corp.;NEC;6102;NO0003095507
Norsk Data A;NDA;1113;NO0005028407
Norsk Data B;NDB;1113;NO0005028415
Norsk El. & Brown Boveri;NEB;2330;NO0005033001
Norsk Hydro;NHY;1114;NO0005052605
Norsk Kjøkkeninvest;NKI;6129;NO0003065708
Norsk Lotteridrift;NLD;6042;NO0003068306
Norsk Vekst;NOV;2487;NO0003048308
Norske Skog;NSI;2498;NO0004135609
Norske Skog;NSK;1017;NO0005113506
Norske Skog;NSKOG;12734;NO0010861115
Norske Skog B;NSGB;2498;NO0004135617
Norske Skogindustrier;NSG;2498;NO0004135633
Norstat;NSTAT;7961;NO0010280936
North Energy;NORTH;8605;NO0010550056
Northern Drilling;NODL;12568;BMG6624L1090
Northern Ocean Ltd.;NOL;12750;BMG6682J1036
Northern Offshore;NOF;6497;BMG6635W1029
Northern Offshore gammel;NOF_GML;6497;BMG6635W1029
Northland Resources;NAUR;8166;LU0488722801
Northland Resources New Shares;NAUR R;8166;CA6665273042
Northland Resources Nye aksjer;NAUR R;8166;CA6665272051
Nortrans Offshore;NOL;6140;BMG6669A1099
Norway Pelagic;NPEL;8504;NO0010373384
Norway Royal Salmon;NRS;11235;NO0010331838
Norway Seafoods;NWS;6021;NO0003052615
Norwegian Air Shuttle;NAS;7628;NO0010196140
Norwegian Car Carriers;NOCC;2370;NO0003146904
Norwegian Energy Company;NOR;8416;NO0010379266
Norwegian Finans Holding;NOFI;12494;NO0010387004
Norwegian Petroleum Consultants;NPC;2333;NO0005125906
Norwegian Property;NPRO;8191;NO0010317811
Notodden Elektronikk;NOT;2335;NO0005128306
NTS;NTS;2311;NO0004895103
Nycomed A;NYC;5126;NO0004306507
Nycomed Amersham A;NYA;6068;GB0000300417
Nycomed Amersham B;NYAB;6068;GB0001664969
Nycomed B;NYCB;5126;NO0004306515
Nydalen Compagnie B;NYDB;2337;NO0005131011
Observe Medical;OBSERV;12733;NO0010865009
Ocean HeavyLift;OHL;8287;NO0010290786
Ocean Rig;OCR;5199;NO0003066300
Ocean Yield;OCY;11316;NO0010657448
Oceanor Holding;OCE;6782;NO0010097033
Oceanteam;OTS;8229;NO0010317316
Odfjell Drilling;ODL;12219;BMG671801022
Odfjell Invest;OILRIG;8113;BMG6740A1027
Odfjell ser. A;ODF;2366;NO0003399909
Odfjell ser. B;ODFB;2366;NO0003399917
Odim;ODIM;7980;NO0010176852
Office Line;OFL;6733;NO0010074396
OfficeShop Holding;OSH;6488;NO0010070402
OHI;OHI;6805;NO0003095408
OKEA;OKEA;12627;NO0010816895
Okeanis Eco Tankers;OET;12643;MHY641771016
Olav Thon Eiendomsselskap;OLT;1308;NO0005638858
Opera Software;OPERA;7759;NO0010040611
Opticom;OPC;5114;NO0003053902
ORIGIO;ORO;5173;DK0015933584
Orkla;ORK;1107;NO0003733800
Orkla B;ORKB;1107;NO0003733818
Orkla F;ORKF;1107;NO0003733834
Orkla Industrier;ORKLA;2338;NO0005175802
Oslo Areal;OSLO;7921;NO0010250699
Oslo Handelsbank;OHB;2339;NO0003017006
Oslo Reinsurance Co;ORC;2526;NO0003051906
Oslo Shipholding;OSH;1756;NO0003260200
Oslobanken;OBK;1606;NO0003018004
Oslobanken N;OBKN;1606;NO0003018061
Otrum;OTR;6135;NO0003068009
P4 Radio Hele Norge;PFI;5186;NO0003063703
PA Resources;PAR;6821;SE0000818569
Pan Pelagic;PEL;6780;NO0010070634
Panoro Energy;PEN;8624;NO0010564701
Pareto Bank;PARB;8596;NO0010397581
PC LAN;PCL;6185;NO0010022734
PCI Biotech Holding;PCIB;8502;NO0010405640
Peppe's Pizza;PEP;2341;NO0003041303
Petrobank Energy and Resources;PBG;8004;CA71645P1062
Petrobank Energy and Resources Nye aksje;PBGN;8004;CA71645P2052
Petrojack;JACK;7832;NO0010244346
Petroleum Geo-Services;PGS;2342;NO0010199151
Petrolia;PDR;6018;CY0102630916
Petrolia Drilling nye aksjer;PDRN;6018;NO0010171952
PETROMENA;PMENA;8319;NO0010285018
PetroNor E&P Limited;PNOR;12300;AU0000057408
PetroProd;PPROD;8438;KYG7053Q1064
Pexip Holding;PEXIP;12767;NO0010840507
Photocure;PHO;6357;NO0010000045
Pioneer Property Group;PPG PREF;12438;NO0010735681
Polarcus;PLCS;8582;KYG7153K1085
Polaris Media;POL;8537;NO0010466022
poLight;PLT;12664;NO0010341712
Polimoon;POLI;7920;NO0010263916
Porsgrunds Porselæn;POR;2343;NO0005230409
Powel;POWEL;7966;NO0003084105
Privatbanken;PRI;7782;NO0010071061
Procon Offshore;POA;6027;NO0003076903
Profdoc;PRO;6124;NO0003109308
Pronova;PRO;2344;NO0005374504
Pronova BioPharma;PRON;8410;NO0010382021
Prosafe;PRS;6010;CY0100470919
Prosafe;PRS;6010;NO0010861990
Prosafe Production Public;PROD;8499;CY0100610910
Prospector Offshore Drilling;PROS;11226;LU0533752860
Protector Forsikring;PRF;2345;NO0003029803
Protector Forsikring;PROTCT;8322;NO0010209331
Provida;PRV;5120;NO0003014904
Proxima;PRX;5176;NO0005621201
PSI Group;PSI;6793;NO0010098247
Q-Free;QFR;7065;NO0003103103
Questerre Energy Corporation;QEC;7938;CA74836K1003
RAK Petroleum;RAKP;12373;GB00BRGBL804
Raufoss;RAU;1319;NO0005257709
RC Gruppen;RCG;6028;NO0003074908
Reach Subsea;REACH;2319;NO0003117202
Realia;REA;1320;NO0005261008
REC Silicon;REC;8080;NO0010112675
REC Solar;RECSOL;12217;NO0010686934
Reitan Narvesen;RNA;5128;NO0003057705
Rem Offshore;REM;8270;NO0010353964
Remedial (Cyprus) Public;ROFF;8512;CY0100130919
Rena Karton;REN;2346;NO0005269605
RenoNorden;RENO;12388;NO0010723141
Repant;REPANT;8224;NO0003108508
Reservoir Exploration Technology;RXT;8002;NO0010277957
RGI (Antilles);RGI;5101;ANN7425Q1095
Rica Hotels;RIC;2347;NO0010154172
Rieber & Søn;RIE;2348;NO0004951104
Rieber & Søn B;RIEB;2348;NO0004951112
Rieber Shipping;RIS;6125;NO0003097206
Rocksource;RGT;2459;NO0003987901
Rogalandsbanken;RBK;1668;NO0003018509
RomReal;ROM;8353;BMG763301022
Ross Offshore;ROO;1744;NO0003474702
Rosshavet;ROS;2350;NO0003350407
Rottefella;WIT;2351;NO0005891507
Roxar;ROX;6029;NO0003073801
Roxar;ROX;6035;NO0003060402
Royal Caribbean Cruises;RCL;6046;LR0008862868
S.D. Standard Drilling;SDSD;11233;CY0101550917
SADG nye grunnfondsbevis;SADGN;5024;NO0010207764
Saferoad Holding;SAFE;12555;NO0010781743
Saga Petroleum;SAG;1117;NO0005327205
Saga Petroleum B;SAGB;1117;NO0005327270
Saga Petroleum F;SAGF;1117;NO0005327221
Saga Petroleum KB;SAGN90;1117;NO0005327296
Saga Petroleum KF;SAGL90;1117;NO0005327288
Saga Petroleum Konverterte A;SAGK;1117;NO0005327361
Saga Petroleum Konverterte B;SAGL;1117;NO0005327379
Saga Pure;SAGA;11191;NO0010572589
SalMar;SALM;8288;NO0010310956
Salmones Camanchaca;SALMON;12593;CL0002409135
Sandnes Sparebank;SADG;5024;NO0006001007
Sandnes Sparebank Nye;SADN;5024;NO0006001080
Sandsvær Sparebank;SANG;1779;NO0006000108
Santech Micro Group;SMG;5022;NO0003053506
SAS AB;SAS NOK;1387;SE0003366871
SAS Betalt interimsbevis;SASI;1387;SE0000814527
SAS Norge B;SASB;2239;NO0003920019
SATS;SATS;12737;NO0010863285
Sbanken;SBANK;12452;NO0010739402
SCAN Geophysical;SCANG;8348;NO0010325103
Scan Subsea;SCASUB;8384;NO0010375157
Scana;SCANA;5059;NO0003053308
ScanArc;SCAN;8298;NO0010357338
Scandinavia Online;SCO;6364;SE0000673907
Scandinavian Clinical Nutrition;SCN;8415;SE0001789793
Scanship Holding;SSHIP;12294;NO0010708068
Scatec;SSO;12354;NO0010715139
Schibsted;SCH;2354;NO0003028904
Schibsted ser. B;SCHB;2354;NO0010736879
Scorpion Offshore;SCORE;8005;BMG786761061
Scribona AB ser. B;SCRI B NOK;6785;SE0000188518
SDS Shipping og Offshore;SDS;2355;NO0003366304
SE Labels;SLA;6808;NO0010104961
SE Labels gammel;SLA;2386;NO0005598904
Sea Farm;SEA;2356;NO0005371609
SeaBird Exploration;SBX;8025;CY0101162119
Seadrill;SDRL;7968;BMG7945E1057
Seadrill;SDRL;7968;BMG7998G1069
SeaDrill Invest;OIL;7805;BMG6709U1071
Seadrill REG S;SDRL R;7968;BMG8000W1139
Seajacks International;SEAJ;8409;BMG7947D1056
Seateam Technology;STM;6005;NO0003072001
Self Storage Group;SSG;12578;NO0010781206
Selmer;SEL;5023;NO0003049306
Selvaag Bolig;SBO;11291;NO0010612450
Sense Communications International;SNS;6736;NO0010035025
SensoNor;SEN;2359;NO0005379503
SensoNor K;SENK;2359;NO0005379586
Serendex Pharmaceuticals;SENDEX;12302;DK0060563427
Serodus;SER;11242;NO0010549801
Sevan Drilling;SEVDR;11243;BMG8070J1099
Sevan Drilling;SEVDR;11243;NO0010455793
Sevan New Shares;SEVAN N;7820;NO0010630502
Shelf Drilling;SHLF;12640;KYG236271055
Siem Industries;SIM;6020;KYG812261058
Siem Offshore;SIOFF;7956;KYG813131011
Siem Shipping;SSI;6776;KYG813241083
Sigmalm;SIGMALM;2360;NO0003371304
Simrad A;SMD;2361;NO0005396408
Simrad B;SMDB;2361;NO0005396416
Simrad Optronics;OPT;2362;NO0005396200
Simrad Optronics;SIT;7952;NO0005396200
Simtronics;SIMTRO;8240;NO0010349830
SinOceanic Shipping;SINO;6737;NO0010052350
Sinvest;SIN;6777;NO0010094519
Skandia;SKG;None;NO0005413104
Skaugen Petrotrans;SPT;2365;NO0003023103
Skiens Aktiemølle;SKI;2369;NO0005418004
Skipskredittforeningen;SKF;1240;NO0003051104
Skue Sparebank;SKUE;6143;NO0006001809
Smedvig ser. B;SMEB;2372;NO0003390213
Smedvig ser. A;SME;2372;NO0003390205
Smedvig Tankships Ltd.;SMT;2373;BMG8226B1090
Software Innovation;SOI;6142;NO0003058901
Solstad Farstad;SOFF;6066;NO0003080608
Solstad Offshore ser. B;SOFFB;6066;NO0010771215
Solvang;SOLV;2367;NO0003390007
Songa Offshore;SONG;8022;CY0100962113
SpareBank 1 BV;SBVG;2352;NO0006000207
SpareBank 1 Nord-Norge;NONG;1972;NO0006000801
SpareBank 1 Nordvest;SNOR;1823;NO0010691660
SpareBank 1 Nøtterøy - Tønsberg;NTSG;1248;NO0010391295
SpareBank 1 Ringerike Hadeland;RING;5125;NO0006390400
SpareBank 1 SMN;MING;1695;NO0006390301
SpareBank 1 SR-Bank;ROGG;1797;NO0006000009
SpareBank 1 SR-Bank;SRBANK;1797;NO0010631567
SpareBank 1 Østfold Akershus;SOAG;5195;NO0010285562
SpareBank 1 Østlandet;SPOL;5204;NO0010751910
Sparebanken Flora-Bremanger;FLOG;6350;NO0010044183
Sparebanken Møre;MORG;1652;NO0006390004
Sparebanken Møre N;MORN93;1652;NO0006390095
Sparebanken Møre N;MORK;1652;NO0006390087
Sparebanken NOR N;SNON;1827;NO0006390194
Sparebanken Nordland;NORG;1604;NO0006000405
Sparebanken Rana;RANG;5056;NO0006001106
Sparebanken Sør;SOR;1814;NO0006001502
Sparebanken Telemark;SBTE;8332;NO0010664782
Sparebanken Vest;SVEG;1642;NO0006000900
Sparebanken Vestfold;VFOG;2374;NO0006000306
Sparebanken Øst;SPOG;1636;NO0006222009
Spb. Eiker Drammen N;SEDN;1636;NO0006222181
SPCS-Gruppen;SPC;5149;NO0003057200
Spectrum;SPU;8507;NO0010429145
Spits;SPITS;8214;NO0010340003
Star Bulk Carriers;SBLK;12642;MHY8162K2046
Star Holding;SHO;2375;NO0005489401
Star Paper Mill B-Aksjer;SPB;2375;NO0005489419
Statoil Fuel & Retail;SFR;11206;NO0010584063
Stavanger Aftenblad;STA;2377;NO0005493601
Stavdal;SMA;6126;NO0003089302
Steen & Strøm;SST;2378;NO0003046203
Stento;STN;2349;NO0003042608
Stentofon;STE;2379;NO0005525808
StepStone;STP;6294;NO0010010473
STO nye aksjer;STON;6030;LU0186151188
Stolt Offshore A;SCSA;6030;LU0087747498
Stolt Partner;SPA;2380;LU0049754210
Stolt-Nielsen;SNI;5097;BMG850801025
Stolt-Nielsen B;SNIB;5097;LU0062738231
Storebrand;STB;1955;NO0003053605
Storebrand P;STBP;1955;NO0003053688
Storm Real Estate;STORM;11189;NO0010360175
STX Europe;STXEUR;7775;NO0010222995
Subsea 7;SUB;7187;KYG8549P1081
Subsea 7;SUBC;6030;LU0075646355
Sunnmørsbanken;SBK;2383;NO0003020604
SuperOffice;SUO;5102;NO0003054736
Swan Reefer;SWR;6067;NO0003089609
Sydvaranger;SYD;1180;NO0005597203
Synnøve Finden;SFM;6134;NO0003073108
Sysdeco;SDC;6123;NO0003109209
Sævik Supply;SUP;5193;NO0003065906
Sølvtrans;STRANS;8626;NO0010566854
Sørlandsbanken;SOR;2387;NO0003001000
Tandberg;TAA;2388;NO0005620856
Tandberg Data;TAD;2389;NO0005621102
Tandberg Storage;TST;7619;NO0010190341
Tandberg Television;TAT;5205;NO0003070906
Tanker Investments;TIL;12273;MHY849271058
Tanker Navigation;TNT;6115;NO0003088502
Targovax;TRVX;12499;NO0010689326
Team Shipping;TSH;6096;NO0003094005
Team Tankers International;TEAM;12413;BMG870871057
Technor;TEC;6041;NO0005625103
Tecmar Technologies Int.;TTI;6109;USU872831040
Teco Maritime;TECO;7778;NO0010176324
Teekay Petrojarl;TPO;8155;NO0010309560
Telecast;TCA;2261;NO0005098517
TeleComputing;TCO;6402;NO0003083008
Telenor;TEL;6233;NO0010063308
TGS-NOPEC Geophysical Company;TGS;6070;NO0003078800
The Scottish Salmon Company;SSC;8623;JE00B61ZHN74
Thin Film Electronics;THIN;8458;NO0010299068
Thrane-Gruppen;THR;5206;NO0003062804
Tide;TIDE;2272;NO0003194201
TietoEVRY;TIETOO;12743;FI0009000277
Tiki-Data;TIK;2391;NO0004635707
Tomra Systems;TOM;2392;NO0005668905
Tordenskjold;TOR;6048;NO0003069502
Totens Sparebank;TOTG;1662;NO0006001205
Tou;TOU;2393;NO0005682609
Transeuro Energy Corp.;TSU;8251;CA8936516043
Transeuro Energy Corp. New Shares;TSU R;8251;CA8936515052
Transnor Rig;TNR;2394;NO0003014805
Transocean;TOD;2395;NO0003063505
Transocean Offshore;RIG;5178;US8938171068
Treasure;TRE;12495;NO0010763550
Trefoil;TREF;8003;BMG9027E1021
Tribona;TRI;8373;NO0010329394
Trolltech;TROLL;8132;NO0010317647
Troms Fylkes Dampskibsselskap;TFDS;7612;NO0003434003
Tromsbanken;TRB;2397;NO0003022006
Tsakos Energy Navigation;TEN;2302;BMG9108L1081
Ugland Nordic Shipping;UNS;2418;NO0003042400
Ugland Nordic Tankers;UNT;6086;NO0003086605
Ulstein Holding;ULS;6060;NO0003087405
Ultimovacs;ULTIMO;12711;NO0010851603
UNI Storebrand F;UNSF;1955;NO0003053639
UNI Storebrand PRF;UNPF;1955;NO0003053696
Unified Messaging Systems;UMS;12531;NO0010044225
Unison Forsikring;UNISON;7962;NO0010127038
Unit 4 Agresso;UNI;6738;NL0000389096
Unitor;UTO;1329;NO0005772004
Vard B;VARB;2399;NO0003318719
Veidekke;VEI;2400;NO0005806802
Veripos;VPOS;11294;KYG934001028
Vesta-Gruppen;VES;1106;NO0003055600
Vestenfjelske Bykreditt;VBY;1555;NO0003020208
Vestlandsbanken;VBK;2401;NO0003024507
VIA Travel Group;VIA;7934;NO0010269970
Viking Supply Ships;VSS;2402;NO0003461709
Viking-Askim;VIK;1063;NO0005846915
Visma;VIS;5057;NO0003054405
Vistin Pharma;VISTIN;12436;NO0010734122
Vital Forsikring;VIT;1736;NO0003044000
Vital Forsikring F;VITF;1736;NO0003044034
Vizrt;VIZ;7923;IL0010838154
VMetro;VME;6071;NO0003074601
Voice;VOI;6113;NO0005857508
Voss Veksel- og Landmandsbank;VVL;2403;NO0003025009
Wabo;WAB;6138;NO0003113201
Wallenius Wilhelmsen;WALWIL;11186;NO0010571680
Waterfront Shipping;WAT;2268;NO0003473001
Wavefield Inseis;WAVE;8282;NO0010295504
Webstep;WSTEP;12575;NO0010609662
Wega Mining;WEMI;8329;NO0010324585
Weifa;WEIFA;8109;NO0010308240
Wentworth Resources;WRL;7953;CA9506771042
Wentworth Resources;WEN;7953;JE00BGT34J81
Wenaas;WEN;5175;NO0003060303
Western Bulk;WBULK;11338;NO0010691298
Western Bulk Shipping;WBS;2404;NO0003042905
Wilh. Wilhelmsen Holding ser. A;WWI;2405;NO0010571698
Wilh. Wilhelmsen Holding ser. B;WWIB;2405;NO0010576010
Wilrig;WIR;2406;NO0005885004
Wilrig M.K.;WIRL;2406;NO0005885061
Wilson;WILS;7915;NO0010252356
Winder;WIN;2238;NO0003360307
Wintershall Norge ASA;WNOR;7943;NO0010270309
XACT Bygg og Eiendom;XACTBYGGEIENDOM;11234;LU0530353456
XACT Derivat BEAR;OBXEXDBEAR;7918;NO0010405855
XACT Derivat BULL;OBXEXDBULL;7918;NO0010405848
XACT Energi;XACT ENERGI;11234;LU0530353373
XACT Finans;XACT FINANS;11234;LU0530353290
XACT Industri;XACT INDUSTRI;11234;LU0530353886
XACT Konsum;XACT KONSUM;11234;LU0530353613
XACT Legemiddel;XACT LEGEMIDDEL;11234;LU0530353704
XACT Materialer;XACT MATERIALER;11234;LU0530353969
XACT Norden 120;XACT NORDEN 120;11234;LU0530353027
XACT OBX;OBXEXACT;7918;NO0010262249
XACT OBX;OBXEXACT;7918;SE0009723026
XACT OBX Bear;OBXEXDBEAR;7918;SE0009723000
XACT OBX Bull;OBXEXDBULL;7918;SE0009723034
XACT Oil Service;XACT OILSERVICE;11234;LU0554583590
XXL;XXL;12357;NO0010716863
Yara International;YAR;7760;NO0010208051
Zalaris;ZAL;12310;NO0010708910
Zenitel;ZENT;6429;BE0003806230
Zoncolan;ZONC;8383;NO0010373947
